Name,Price
AK-47 Aquamarine Revenge,4287
AK-47 Asiimov,5108
AK-47 Baroque Purple,351
AK-47 Black Laminate,2093
AK-47 Bloodsport,5833
AK-47 Blue Laminate,733
AK-47 Cartel,858
AK-47 Case Hardened,11485
AK-47 Elite Build,293
AK-47 Emerald Pinstripe,388
AK-47 Fire Serpent,85533
AK-47 Frontside Misty,2570
AK-47 Fuel Injector,10946
AK-47 Hydroponic,60102
AK-47 Jaguar,2917
AK-47 Jet Set,13209
AK-47 Jungle Spray,690
AK-47 Legion of Anubis,5032
AK-47 Neon Revolution,3019
AK-47 Neon Rider,5788
AK-47 Orbit Mk01,1208
AK-47 Phantom Disruptor,1443
AK-47 Point Disarray,2862
AK-47 Predator,753
AK-47 Rat Rod,610
AK-47 Red Laminate,2722
AK-47 Redline,6031
AK-47 Safari Mesh,061
AK-47 Safety Net,976
AK-47 The Empress,5609
AK-47 Uncharted,073
AK-47 Vulcan,15090
AK-47 Wasteland Rebel,3669
AUG Amber Slipstream,016
AUG Arctic Wolf,284
AUG Aristocrat,101
AUG Bengal Tiger,600
AUG Chameleon,434
AUG Colony,059
AUG Condemned,007
AUG Copperhead,5807
AUG Daedalus,081
AUG Death by Puppy,510
AUG Flame Jörmungandr,6877
AUG Fleet Flock,444
AUG Midnight Lily,3751
AUG Momentum,634
AUG Navy Murano,026
AUG Radiation Hazard,068
AUG Random Access,102
AUG Ricochet,054
AUG Stymphalian,317
AUG Sweeper,005
AUG Syd Mead,364
AUG Tom Cat,015
AUG Torque,182
AUG Triqua,012
AUG Wings,616
AWP Acheron,279
AWP Atheris,498
AWP BOOM,4125
AWP Capillary,079
AWP Containment Breach,8311
AWP Corticera,931
AWP Dragon Lore,436061
AWP Electric Hive,2043
AWP Elite Build,1016
AWP Fever Dream,718
AWP Graphite,9041
AWP Hyper Beast,4405
AWP Lightning Strike,23014
AWP Man-o'-war,1946
AWP Mortis,388
AWP Neo-Noir,4004
AWP Oni Taiji,17011
AWP PAW,309
AWP Phobos,152
AWP Pink DDPAT,2471
AWP Pit Viper,086
AWP Redline,3810
AWP Safari Mesh,020
AWP Snake Camo,6098
AWP Sun in Leo,634
AWP Wildfire,6966
AWP Worm God,154
CZ75-Auto Army Sheen,038
CZ75-Auto Crimson Web,095
CZ75-Auto Distressed,012
CZ75-Auto Eco,086
CZ75-Auto Emerald Quartz,1432
CZ75-Auto Green Plaid,074
CZ75-Auto Hexane,093
CZ75-Auto Imprint,010
CZ75-Auto Indigo,022
CZ75-Auto Nitro,402
CZ75-Auto Poison Dart,114
CZ75-Auto Pole Position,067
CZ75-Auto Polymer,015
CZ75-Auto Red Astor,070
CZ75-Auto Tacticat,061
CZ75-Auto The Fuschia Is Now,1168
CZ75-Auto Tigris,060
CZ75-Auto Tread Plate,218
CZ75-Auto Tuxedo,060
CZ75-Auto Twist,025
CZ75-Auto Victoria,583
CZ75-Auto Xiangliu,600
CZ75-Auto Yellow Jacket,466
Desert Eagle Blue Ply,046
Desert Eagle Bronze Deco,045
Desert Eagle Cobalt Disruption,2635
Desert Eagle Code Red,4298
Desert Eagle Conspiracy,473
Desert Eagle Corinthian,089
Desert Eagle Crimson Web,1912
Desert Eagle Directive,146
Desert Eagle Emerald Jörmungandr,6750
Desert Eagle Golden Koi,2726
Desert Eagle Hand Cannon,19772
Desert Eagle Heirloom,344
Desert Eagle Hypnotic,4278
Desert Eagle Kumicho Dragon,1495
Desert Eagle Light Rail,169
Desert Eagle Mecha Industries,667
Desert Eagle Meteorite,064
Desert Eagle Midnight Storm,640
Desert Eagle Mudder,008
Desert Eagle Naga,197
Desert Eagle Night,342
Desert Eagle Oxide Blaze,033
Desert Eagle Pilot,6611
Desert Eagle Urban DDPAT,154
Desert Eagle Urban Rubble,039
Dragomir Sabre,100
Dual Berettas Anodized Navy,132
Dual Berettas Balance,029
Dual Berettas Black Limba,266
Dual Berettas Briar,084
Dual Berettas Cartel,019
Dual Berettas Cobalt Quartz,020
Dual Berettas Cobra Strike,1615
Dual Berettas Dualing Dragons,035
Dual Berettas Duelist,2059
Dual Berettas Elite 16,009
Dual Berettas Emerald,577
Dual Berettas Hemoglobin,314
Dual Berettas Marina,298
Dual Berettas Moon in Libra,079
Dual Berettas Panther,061
Dual Berettas Pyre,232
Dual Berettas Retribution,156
Dual Berettas Royal Consorts,076
Dual Berettas Shred,016
Dual Berettas Stained,006
Dual Berettas Twin Turbo,777
Dual Berettas Urban Shock,124
Dual Berettas Ventilators,013
FAMAS Afterimage,1126
FAMAS Commemoration,1356
FAMAS Contrast Spray,209
FAMAS Crypsis,020
FAMAS Cyanospatter,008
FAMAS Decommissioned,013
FAMAS Djinn,316
FAMAS Doomkitty,115
FAMAS Eye of Athena,577
FAMAS Hexane,146
FAMAS Macabre,080
FAMAS Mecha Industries,371
FAMAS Neural Net,113
FAMAS Night Borre,022
FAMAS Pulse,376
FAMAS Roll Cage,675
FAMAS Sergeant,245
FAMAS Spitfire,1862
FAMAS Styx,384
FAMAS Sundown,796
FAMAS Survivor Z,044
FAMAS Teardown,038
FAMAS Valence,283
Five-SeveN Angry Mob,617
Five-SeveN Buddy,062
Five-SeveN Candy Apple,3614
Five-SeveN Capillary,011
Five-SeveN Case Hardened,782
Five-SeveN Contractor,049
Five-SeveN Coolant,004
Five-SeveN Copper Galaxy,252
Five-SeveN Crimson Blossom,801
Five-SeveN Flame Test,009
Five-SeveN Fowl Play,288
Five-SeveN Hot Shot,056
Five-SeveN Hyper Beast,3116
Five-SeveN Jungle,160
Five-SeveN Kami,060
Five-SeveN Monkey Business,891
Five-SeveN Neon Kimono,7929
Five-SeveN Nightshade,060
Five-SeveN Nitro,359
Five-SeveN Orange Peel,007
Five-SeveN Retrobution,179
Five-SeveN Scumbria,009
Five-SeveN Silver Quartz,037
Five-SeveN Triumvirate,116
Five-SeveN Urban Hazard,041
Five-SeveN Violent Daimyo,022
G3SG1 Azure Zebra,056
G3SG1 Black Sand,031
G3SG1 Contractor,060
G3SG1 Demeter,274
G3SG1 Flux,713
G3SG1 Green Apple,007
G3SG1 High Seas,091
G3SG1 Hunter,009
G3SG1 Murky,029
G3SG1 Orange Crash,014
G3SG1 Orange Kimono,078
G3SG1 Scavenger,068
G3SG1 Stinger,051
G3SG1 The Executioner,1628
G3SG1 VariCamo,007
G3SG1 Ventilator,009
G3SG1 Violet Murano,521
Galil AR Akoben,020
Galil AR Aqua Terrace,3043
Galil AR Black Sand,015
Galil AR Cerberus,2278
Galil AR Cold Fusion,017
Galil AR Connexion,148
Galil AR Crimson Tsunami,071
Galil AR Eco,1530
Galil AR Firefight,078
Galil AR Hunting Blind,049
Galil AR Kami,080
Galil AR Rocket Pop,183
Galil AR Sandstorm,212
Galil AR Shattered,268
Galil AR Signal,066
Galil AR Stone Cold,246
Galil AR Sugar Rush,2193
Galil AR Tornado,022
Galil AR Tuxedo,059
Galil AR Urban Rubble,248
Galil AR VariCamo,007
Glock-18 Blue Fissure,087
Glock-18 Brass,847
Glock-18 Bullet Queen,4231
Glock-18 Bunsen Burner,026
Glock-18 Candy Apple,040
Glock-18 Catacombs,022
Glock-18 Death Rattle,007
Glock-18 Dragon Tattoo,3153
Glock-18 Grinder,107
Glock-18 Groundwater,314
Glock-18 High Beam,053
Glock-18 Ironwork,016
Glock-18 Moonrise,074
Glock-18 Night,091
Glock-18 Nuclear Garden,732
Glock-18 Off World,013
Glock-18 Oxide Blaze,011
Glock-18 Reactor,471
Glock-18 Royal Legion,151
Glock-18 Sacrifice,029
Glock-18 Sand Dune,442
Glock-18 Steel Disruption,161
Glock-18 Synth Leaf,3550
Glock-18 Twilight Galaxy,2619
Glock-18 Vogue,1337
Glock-18 Warhawk,021
Glock-18 Wasteland Rebel,738
Glock-18 Water Elemental,657
Glock-18 Weasel,086
Glock-18 Wraiths,024
M249 Aztec,067
M249 Blizzard Marbleized,1034
M249 Contrast Spray,013
M249 Emerald Poison Dart,072
M249 Gator Mesh,007
M249 Impact Drill,039
M249 Jungle,012
M249 Magma,044
M249 Nebula Crusader,161
M249 Shipping Forecast,397
M249 Spectre,015
M249 System Lock,018
M249 Warbird,029
M4A1-S Atomic Alloy,1134
M4A1-S Basilisk,180
M4A1-S Blood Tiger,193
M4A1-S Boreal Forest,026
M4A1-S Briefing,251
M4A1-S Bright Water,1239
M4A1-S Chantico's Fire,3172
M4A1-S Control Panel,1113
M4A1-S Cyrex,929
M4A1-S Dark Water,3217
M4A1-S Decimator,686
M4A1-S Flashback,123
M4A1-S Golden Coil,2747
M4A1-S Guardian,910
M4A1-S Hot Rod,12353
M4A1-S Hyper Beast,2227
M4A1-S Icarus Fell,12469
M4A1-S Leaded Glass,467
M4A1-S Master Piece,4961
M4A1-S Mecha Industries,1552
M4A1-S Moss Quartz,235
M4A1-S Nightmare,902
M4A1-S Nitro,146
M4A1-S Player Two,4840
M4A1-S VariCamo,073
M4A4 Bullet Rain,1601
M4A4 Buzz Kill,1757
M4A4 Converter,212
M4A4 Dark Blossom,123
M4A4 Daybreak,8424
M4A4 Desert Storm,771
M4A4 Desert-Strike,737
M4A4 Desolate Space,1613
M4A4 Evil Daimyo,523
M4A4 Faded Zebra,192
M4A4 Griffin,645
M4A4 Hellfire,2548
M4A4 Jungle Tiger,525
M4A4 Magnesium,062
M4A4 Mainframe,013
M4A4 Modern Hunter,4049
M4A4 Neo-Noir,3625
M4A4 Poseidon,69820
M4A4 Radiation Hazard,3948
M4A4 Royal Paladin,4074
M4A4 The Battlestar,966
M4A4 The Emperor,6296
M4A4 Tooth Fairy,1408
M4A4 Tornado,477
M4A4 Urban DDPAT,076
M4A4 X-Ray,1281
M4A4 Zirka,1137
MAC-10 Allure,165
MAC-10 Aloha,077
MAC-10 Amber Fade,564
MAC-10 Calf Skin,018
MAC-10 Candy Apple,012
MAC-10 Carnivore,013
MAC-10 Classic Crate,009
MAC-10 Copper Borre,1394
MAC-10 Curse,259
MAC-10 Disco Tech,835
MAC-10 Fade,1378
MAC-10 Graven,1155
MAC-10 Heat,203
MAC-10 Indigo,068
MAC-10 Lapis Gator,020
MAC-10 Last Dive,074
MAC-10 Malachite,125
MAC-10 Neon Rider,746
MAC-10 Nuclear Garden,338
MAC-10 Oceanic,011
MAC-10 Palm,007
MAC-10 Pipe Down,067
MAC-10 Rangeen,025
MAC-10 Red Filigree,2401
MAC-10 Silver,010
MAC-10 Stalker,1804
MAC-10 Surfwood,012
MAC-10 Tatter,176
MAC-10 Tornado,105
MAC-10 Ultraviolet,117
MAC-10 Urban DDPAT,095
MAC-10 Whitefish,020
MAG-7 Bulldozer,779
MAG-7 Chainmail,230
MAG-7 Cobalt Core,023
MAG-7 Core Breach,099
MAG-7 Counter Terrace,2959
MAG-7 Firestarter,032
MAG-7 Hard Water,079
MAG-7 Heat,070
MAG-7 Heaven Guard,018
MAG-7 Irradiated Alert,103
MAG-7 Justice,578
MAG-7 Memento,119
MAG-7 Metallic DDPAT,013
MAG-7 Petroglyph,045
MAG-7 Popdog,009
MAG-7 Praetorian,108
MAG-7 Rust Coat,004
MAG-7 Sand Dune,070
MAG-7 Seabird,039
MAG-7 Sonar,013
MAG-7 Storm,015
MAG-7 SWAG-7,059
MP5-SD Acid Wash,030
MP5-SD Agent,069
MP5-SD Bamboo Garden,012
MP5-SD Co-Processor,038
MP5-SD Desert Strike,012
MP5-SD Dirt Drop,004
MP5-SD Gauss,046
MP5-SD Kitbash,136
MP5-SD Phosphor,558
MP7 Akoben,010
MP7 Anodized Navy,049
MP7 Armor Core,012
MP7 Asterion,084
MP7 Bloodsport,481
MP7 Cirrus,022
MP7 Fade,887
MP7 Full Stop,361
MP7 Gunsmoke,074
MP7 Impire,109
MP7 Mischief,031
MP7 Motherboard,014
MP7 Nemesis,475
MP7 Neon Ply,113
MP7 Ocean Foam,233
MP7 Orange Peel,256
MP7 Powercore,083
MP7 Scorched,022
MP7 Skulls,668
MP7 Special Delivery,135
MP7 Teal Blossom,782
MP7 Urban Hazard,011
MP7 Whiteout,2482
MP9 Airlock,351
MP9 Bioleak,029
MP9 Black Sand,009
MP9 Bulldozer,7636
MP9 Capillary,024
MP9 Dark Age,3981
MP9 Dart,035
MP9 Deadly Poison,029
MP9 Goo,053
MP9 Hot Rod,1983
MP9 Hydra,530
MP9 Hypnotic,542
MP9 Modest Threat,011
MP9 Orange Peel,007
MP9 Pandora's Box,2973
MP9 Rose Iron,671
MP9 Ruby Poison Dart,111
MP9 Sand Scale,013
MP9 Setting Sun,271
MP9 Slide,004
MP9 Stained Glass,2554
MP9 Storm,016
MP9 Wild Lily,34413
Negev Boroque Sand,022
Negev Bratatat,102
Negev Bulkhead,013
Negev Dazzle,018
Negev Desert-Strike,010
Negev Lionfish,055
Negev Loudmouth,414
Negev Man-o'-war,011
Negev Mjölnir,59409
Negev Nuclear Waste,056
Negev Power Loader,367
Negev Prototype,012
Negev Terrain,016
Negev Ultralight,015
Nova Antique,547
Nova Baroque Orange,2517
Nova Bloomstick,887
Nova Caged Steel,007
Nova Candy Apple,006
Nova Exo,015
Nova Ghost Camo,057
Nova Gila,046
Nova Graphite,316
Nova Green Apple,432
Nova Hyper Beast,759
Nova Koi,063
Nova Mandrel,004
Nova Moon in Libra,080
Nova Plume,031
Nova Ranger,025
Nova Rising Skull,258
Nova Tempest,281
Nova Toy Soldier,073
Nova Walnut,084
Nova Wild Six,058
Nova Wood Fired,010
P2000 Acid Etched,098
P2000 Amber Fade,372
P2000 Chainmail,3961
P2000 Corticera,350
P2000 Fire Elemental,771
P2000 Gnarled,015
P2000 Granite Marbleized,006
P2000 Grassland,070
P2000 Handgun,075
P2000 Imperial,034
P2000 Imperial Dragon,325
P2000 Ivory,009
P2000 Obsidian,105
P2000 Ocean Foam,7113
P2000 Oceanic,014
P2000 Pathfinder,410
P2000 Pulse,024
P2000 Red FragCam,035
P2000 Turf,015
P2000 Urban Hazard,009
P2000 Woodsman,315
P250 Asiimov,1852
P250 Bone Mask,045
P250 Cartel,403
P250 Cassette,022
P250 Contamination,060
P250 Crimson Kimono,531
P250 Dark Filigree,072
P250 Exchanger,041
P250 Facets,239
P250 Facility Draft,003
P250 Franklin,111
P250 Gunsmoke,125
P250 Hive,156
P250 Inferno,067
P250 Iron Clad,012
P250 Mehndi,875
P250 Metallic DDPAT,014
P250 Mint Kimono,080
P250 Muertos,356
P250 Nevermore,067
P250 Nuclear Threat,2775
P250 Red Rock,328
P250 Ripple,010
P250 See Ya Later,721
P250 Splash,667
P250 Steel Disruption,065
P250 Supernova,062
P250 Undertow,1394
P250 Valence,022
P250 Verdigris,021
P250 Vino Primo,850
P250 Whiteout,911
P250 Wingshot,184
P250 X-Ray,033
P90 Ash Wood,012
P90 Asiimov,1711
P90 Astral Jörmungandr,6335
P90 Baroque Red,539
P90 Blind Spot,327
P90 Chopper,101
P90 Death by Kitty,6303
P90 Death Grip,356
P90 Desert Warfare,100
P90 Elite Build,030
P90 Emerald Dragon,7171
P90 Facility Negative,041
P90 Fallout Warning,584
P90 Freight,015
P90 Glacier Mesh,369
P90 Grim,036
P90 Leather,340
P90 Module,042
P90 Nostalgia,478
P90 Off World,021
P90 Shallow Grave,313
P90 Shapewood,426
P90 Storm,067
P90 Sunset Lily,116
P90 Teardown,032
P90 Traction,018
P90 Trigon,568
P90 Virus,111
Patch Alyx,497
Patch Black Mesa,113
Patch Bloodhound,081
Patch Bravo,061
Patch Breakout,052
Patch Chicken Lover,158
Patch City 17,056
Patch CMB,055
Patch Combine Helmet,086
Patch Copper Lambda,580
Patch Crazy Banana,180
Patch Danger Zone,111
Patch Dragon,522
Patch Easy Peasy,195
Patch Headcrab Glyph,072
Patch Health,1986
Patch Howl,1901
Patch Hydra,094
Patch Koi,124
Patch Lambda,320
Patch Longevity,114
Patch Payback,042
Patch Phoenix,095
Patch Rage,592
Patch Shattered Web,080
Patch Sustenance!,238
Patch The Boss,1607
Patch Vanguard,064
Patch Vigilance,103
Patch Vortigaunt,065
Patch Welcome to the Clutch,357
Patch Wildfire,152
PP-Bizon Antique,173
PP-Bizon Bamboo Print,083
PP-Bizon Blue Streak,131
PP-Bizon Brass,069
PP-Bizon Candy Apple,017
PP-Bizon Chemical Green,056
PP-Bizon Cobalt Halftone,045
PP-Bizon Embargo,108
PP-Bizon Facility Sketch,003
PP-Bizon Forest Leaves,115
PP-Bizon Fuel Rod,157
PP-Bizon Harvester,012
PP-Bizon High Roller,403
PP-Bizon Irradiated Alert,126
PP-Bizon Judgement of Anubis,809
PP-Bizon Jungle Slipstream,010
PP-Bizon Night Ops,006
PP-Bizon Night Riot,009
PP-Bizon Osiris,063
PP-Bizon Photic Zone,035
PP-Bizon Runic,016
PP-Bizon Seabird,011
PP-Bizon Water Sigil,059
R8 Revolver Amber Fade,091
R8 Revolver Bone Forged,013
R8 Revolver Canal Spray,022
R8 Revolver Crimson Web,034
R8 Revolver Fade,650
R8 Revolver Grip,009
R8 Revolver Llama Cannon,407
R8 Revolver Memento,031
R8 Revolver Nitro,019
R8 Revolver Reboot,111
R8 Revolver Survivalist,015
Sawed-Off Amber Fade,037
Sawed-Off Apocalypto,098
Sawed-Off Bamboo Shadow,076
Sawed-Off Black Sand,009
Sawed-Off Brake Light,118
Sawed-Off Copper,5597
Sawed-Off Devourer,553
Sawed-Off Full Stop,037
Sawed-Off Highwayman,068
Sawed-Off Irradiated Alert,118
Sawed-Off Jungle Thicket,012
Sawed-Off Limelight,086
Sawed-Off Morris,009
Sawed-Off Origami,014
Sawed-Off Rust Coat,423
Sawed-Off Sage Spray,014
Sawed-Off Serenity,120
Sawed-Off Snake Camo,007
Sawed-Off The Kraken,510
Sawed-Off Wasteland Princess,309
Sawed-Off Yorick,028
Sawed-Off Zander,009
SCAR-20 Army Sheen,038
SCAR-20 Assault,010
SCAR-20 Bloodsport,317
SCAR-20 Blueprint,011
SCAR-20 Brass,1520
SCAR-20 Carbon Fiber,012
SCAR-20 Cardiac,433
SCAR-20 Crimson Web,160
SCAR-20 Cyrex,1001
SCAR-20 Enforcer,103
SCAR-20 Green Marine,022
SCAR-20 Grotto,016
SCAR-20 Jungle Slipstream,009
SCAR-20 Outbreak,027
SCAR-20 Powercore,043
SCAR-20 Splash Jam,2496
SCAR-20 Stone Mosaico,023
SCAR-20 Storm,065
SCAR-20 Torn,030
SG 553 Aerial,017
SG 553 Aloha,010
SG 553 Anodized Navy,042
SG 553 Atlas,014
SG 553 Barricade,023
SG 553 Bulldozer,2946
SG 553 Candy Apple,076
SG 553 Colony IV,1185
SG 553 Cyrex,677
SG 553 Damascus Steel,070
SG 553 Danger Close,009
SG 553 Darkwing,114
SG 553 Fallout Warning,057
SG 553 Gator Mesh,256
SG 553 Integrale,13089
SG 553 Ol' Rusty,016
SG 553 Phantom,054
SG 553 Pulse,380
SG 553 Tiger Moth,238
SG 553 Tornado,522
SG 553 Traveler,342
SG 553 Triarch,050
SG 553 Ultraviolet,701
SG 553 Wave Spray,273
Souvenir AK-47 Black Laminate,3219
Souvenir AK-47 Safari Mesh,1366
Souvenir AK-47 Safety Net,4180
Souvenir AUG Colony,082
Souvenir AUG Radiation Hazard,409
Souvenir AUG Sweeper,057
Souvenir AWP Acheron,5955
Souvenir AWP Pink DDPAT,9529
Souvenir CZ75-Auto Nitro,430
Souvenir Desert Eagle Urban DDPAT,603
Souvenir Dual Berettas Briar,088
Souvenir Dual Berettas Colony,051
Souvenir FAMAS Styx,2308
Souvenir Five-SeveN Contractor,066
Souvenir Five-SeveN Coolant,090
Souvenir Five-SeveN Forest Night,084
Souvenir Five-SeveN Hot Shot,226
Souvenir G3SG1 Desert Storm,053
Souvenir G3SG1 Polar Camo,133
Souvenir G3SG1 Safari Mesh,023
Souvenir Galil AR Cerberus,5833
Souvenir Galil AR Cold Fusion,573
Souvenir Galil AR Hunting Blind,083
Souvenir Glock-18 Groundwater,546
Souvenir Glock-18 High Beam,1002
Souvenir Glock-18 Night,281
Souvenir Glock-18 Reactor,2811
Souvenir M249 Contrast Spray,015
Souvenir M4A1-S Master Piece,11114
Souvenir M4A1-S VariCamo,1124
Souvenir M4A4 Converter,1117
Souvenir M4A4 Mainframe,463
Souvenir M4A4 Radiation Hazard,10228
Souvenir M4A4 Tornado,1251
Souvenir M4A4 Urban DDPAT,1348
Souvenir MAC-10 Calf Skin,224
Souvenir MAC-10 Candy Apple,401
Souvenir MAC-10 Indigo,250
Souvenir MAC-10 Nuclear Garden,1009
Souvenir MAC-10 Urban DDPAT,059
Souvenir MAG-7 Irradiated Alert,125
Souvenir MAG-7 Rust Coat,015
Souvenir MAG-7 Sand Dune,034
Souvenir MAG-7 Storm,021
Souvenir MP5-SD Dirt Drop,021
Souvenir MP5-SD Lab Rats,016
Souvenir MP7 Gunsmoke,150
Souvenir MP7 Motherboard,120
Souvenir MP7 Orange Peel,150
Souvenir MP9 Dark Age,687
Souvenir MP9 Sand Dashed,077
Souvenir MP9 Setting Sun,1165
Souvenir MP9 Slide,039
Souvenir MP9 Storm,074
Souvenir Negev Bulkhead,417
Souvenir Negev CaliCamo,118
Souvenir Negev Nuclear Waste,122
Souvenir Nova Green Apple,117
Souvenir Nova Mandrel,025
Souvenir Nova Polar Mesh,039
Souvenir Nova Predator,024
Souvenir Nova Walnut,080
Souvenir P2000 Chainmail,480
Souvenir P2000 Grassland,063
Souvenir P250 Bone Mask,049
Souvenir P250 Contamination,152
Souvenir P250 Facility Draft,056
Souvenir P250 Gunsmoke,433
Souvenir P250 Sand Dune,104
Souvenir P250 Vino Primo,1703
Souvenir P90 Ash Wood,152
Souvenir P90 Sand Spray,067
Souvenir P90 Scorched,040
Souvenir P90 Storm,119
Souvenir PP-Bizon Candy Apple,080
Souvenir PP-Bizon Carbon Fiber,029
Souvenir PP-Bizon Chemical Green,141
Souvenir PP-Bizon Facility Sketch,079
Souvenir PP-Bizon Irradiated Alert,104
Souvenir PP-Bizon Urban Dashed,039
Souvenir R8 Revolver Nitro,135
Souvenir Sawed-Off Amber Fade,107
Souvenir Sawed-Off Irradiated Alert,085
Souvenir Sawed-Off Rust Coat,069
Souvenir Sawed-Off Sage Spray,016
Souvenir SCAR-20 Sand Mesh,026
Souvenir SCAR-20 Storm,070
Souvenir SG 553 Damascus Steel,890
Souvenir SG 553 Fallout Warning,310
Souvenir SG 553 Gator Mesh,216
Souvenir SSG 08 Detour,765
Souvenir SSG 08 Hand Brake,929
Souvenir Tec-9 Toxic,1052
Souvenir UMP-45 Blaze,3175
Souvenir UMP-45 Facility Dark,028
Souvenir UMP-45 Indigo,173
Souvenir UMP-45 Mudder,014
Souvenir UMP-45 Scorched,014
Souvenir UMP-45 Urban DDPAT,090
Souvenir USP-S Check Engine,1342
Souvenir USP-S Royal Blue,3500
Souvenir XM1014 Urban Perforated,026
Souvenir XM1014 VariCamo Blue,161
Special Agent Ava FBI,788
SSG 08 Abyss,065
SSG 08 Big Iron,800
SSG 08 Blood in the Water,3171
SSG 08 Bloodshot,3149
SSG 08 Dark Water,094
SSG 08 Death's Head,327
SSG 08 Detour,475
SSG 08 Dragonfire,1287
SSG 08 Fever Dream,146
SSG 08 Ghost Crusader,167
SSG 08 Hand Brake,137
SSG 08 Lichen Dashed,126
SSG 08 Mainframe 001,036
SSG 08 Mayan Dreams,201
SSG 08 Necropos,039
SSG 08 Orange Filigree,531
SSG 08 Red Stone,024
SSG 08 Sand Dune,171
SSG 08 Sea Calico,3532
Sugarface Capsule,106
Sustenance! Pin,704
Tactics Pin,548
Team Roles Capsule,098
Tec-9 Avalanche,187
Tec-9 Bamboo Forest,133
Tec-9 Bamboozle,046
Tec-9 Brass,094
Tec-9 Brother,143
Tec-9 Cracked Opal,009
Tec-9 Cut Out,076
Tec-9 Decimator,922
Tec-9 Flash Out,009
Tec-9 Fubar,064
Tec-9 Fuel Injector,347
Tec-9 Hades,435
Tec-9 Ice Cap,018
Tec-9 Isaac,129
Tec-9 Jambiya,018
Tec-9 Nuclear Threat,3344
Tec-9 Orange Murano,068
Tec-9 Ossified,214
Tec-9 Re-Entry,072
Tec-9 Red Quartz,018
Tec-9 Remote Control,369
Tec-9 Rust Leaf,112
Tec-9 Sandstorm,075
Tec-9 Snek-9,016
Tec-9 Terrace,3186
Tec-9 Titanium Bit,214
Tec-9 Toxic,268
Tec-9 VariCamo,007
The Elite Mr Muhlik Elite Crew,365
Train Pin,462
UMP-45 Arctic Wolf,060
UMP-45 Blaze,2683
UMP-45 Bone Pile,268
UMP-45 Briefing,009
UMP-45 Caramel,552
UMP-45 Carbon Fiber,007
UMP-45 Corporal,016
UMP-45 Day Lily,804
UMP-45 Delusion,027
UMP-45 Exposure,051
UMP-45 Facility Dark,003
UMP-45 Gunsmoke,006
UMP-45 Indigo,071
UMP-45 Labyrinth,011
UMP-45 Metal Flowers,074
UMP-45 Momentum,531
UMP-45 Moonrise,044
UMP-45 Mudder,004
UMP-45 Plastique,061
UMP-45 Primal Saber,372
UMP-45 Riot,023
UMP-45 Scaffold,073
UMP-45 Scorched,013
USP-S Blood Tiger,112
USP-S Blueprint,715
USP-S Business Class,1749
USP-S Caiman,1209
USP-S Check Engine,184
USP-S Cortex,806
USP-S Cyrex,257
USP-S Dark Water,3135
USP-S Flashback,100
USP-S Forest Leaves,024
USP-S Guardian,210
USP-S Kill Confirmed,9535
USP-S Lead Conduit,095
USP-S Neo-Noir,3537
USP-S Night Ops,049
USP-S Orion,1748
USP-S Overgrowth,1595
USP-S Para Green,254
USP-S Pathfinder,236
USP-S Road Rash,2704
USP-S Royal Blue,493
USP-S Serum,1447
USP-S Stainless,638
USP-S Torque,157
Valeria Phoenix Pin,6860
Victory Pin,696
Vortigaunt Pin,773
Welcome to the Clutch Pin,706
Wildfire Pin,743
Winter Offensive Case Key,514
Winter Offensive Weapon Case,323
X-Ray P250 Package,281
XM1014 Banana Leaf,112
XM1014 Black Tie,082
XM1014 Blue Steel,006
XM1014 Bone Machine,249
XM1014 CaliCamo,006
XM1014 Entombed,1138
XM1014 Frost Borre,1501
XM1014 Grassland,111
XM1014 Heaven Guard,164
XM1014 Incinegator,968
XM1014 Jungle,100
XM1014 Oxide Blaze,009
XM1014 Quicksilver,016
XM1014 Red Leather,1696
XM1014 Red Python,085
XM1014 Scumbria,025
XM1014 Seasons,076
XM1014 Slipstream,012
XM1014 Teclu Burner,154
XM1014 Tranquility,623
XM1014 Ziggy,056
Bayonet,36554
Bayonet Autotronic,44097
Bayonet Black Laminate,25709
Bayonet Blue Steel,23839
Bayonet Boreal Forest,16159
Bayonet Bright Water,23260
Bayonet Case Hardened,31021
Bayonet Crimson Web,45074
Bayonet Damascus Steel,24273
Bayonet Doppler,42650
Bayonet Forest DDPAT,16292
Bayonet Freehand,26103
Bayonet Lore,75523
Bayonet Night,23587
Bayonet Scorched,15621
Bayonet Slaughter,36395
Bayonet Stained,18586
Bayonet Ultraviolet,23412
Bayonet Urban Masked,15361
Bloodhound Gloves Bronzed,23747
Bloodhound Gloves Charred,36320
Bloodhound Gloves Guerrilla,23837
Bloodhound Gloves Snakebite,32905
Bowie,13606
Bowie Blue Steel,11868
Bowie Boreal Forest,11814
Bowie Case Hardened,19701
Bowie Damascus Steel,14699
Bowie Forest DDPAT,9865
Bowie Marble Fade,24041
Bowie Night,16123
Bowie Safari Mesh,8417
Bowie Scorched,9850
Bowie Slaughter,21913
Bowie Stained,12585
Bowie Tiger Tooth,24134
Bowie Ultraviolet,15615
Bowie Urban Masked,10114
Butterfly,77067
Butterfly Blue Steel,52410
Butterfly Boreal Forest,37165
Butterfly Case Hardened,53806
Butterfly Crimson Web,119967
Butterfly Damascus Steel,50418
Butterfly Forest DDPAT,34156
Butterfly Night,58561
Butterfly Safari Mesh,29722
Butterfly Scorched,31496
Butterfly Slaughter,80387
Butterfly Stained,36416
Butterfly Ultraviolet,72612
Butterfly Urban Masked,34899
Classic,33105
Classic Blue Steel,14872
Classic Boreal Forest,12868
Classic Case Hardened,24246
Classic Crimson Web,36505
Classic Forest DDPAT,11507
Classic Night Stripe,13920
Classic Safari Mesh,10135
Classic Scorched,12066
Classic Slaughter,31245
Classic Stained,13996
Classic Urban Masked,11603
Driver Gloves Convoy,14416
Driver Gloves Crimson Weave,103653
Driver Gloves Diamondback,26277
Driver Gloves Imperial Plaid,75580
Driver Gloves King Snake,153655
Driver Gloves Lunar Weave,35376
Driver Gloves Overtake,32918
Driver Gloves Racing Green,11606
Falchion,11612
Falchion Blue Steel,11388
Falchion Boreal Forest,10647
Falchion Case Hardened,13439
Falchion Crimson Web,21412
Falchion Damascus Steel,13229
Falchion Forest DDPAT,8744
Falchion Marble Fade,23926
Falchion Night,11297
Falchion Safari Mesh,7627
Falchion Scorched,8671
Falchion Slaughter,17055
Falchion Stained,9145
Falchion Tiger Tooth,17572
Falchion Ultraviolet,12920
Falchion Urban Masked,9709
Flip,14487
Flip Autotronic,20730
Flip Black Laminate,13281
Flip Blue Steel,12893
Flip Boreal Forest,10489
Flip Bright Water,13279
Flip Case Hardened,18018
Flip Crimson Web,41545
Flip Damascus Steel,13865
Flip Doppler,29067
Flip Fade,33595
Flip Forest DDPAT,11657
Flip Freehand,15945
Flip Gamma Doppler,37891
Flip Lore,31172
Flip Night,15297
Flip Safari Mesh,9586
Flip Scorched,9344
Flip Slaughter,25055
Flip Stained,11365
Flip Ultraviolet,17008
Flip Urban Masked,10478
Gut,9689
Gut Autotronic,17608
Gut Black Laminate,9760
Gut Blue Steel,9293
Gut Boreal Forest,7566
Gut Bright Water,10047
Gut Case Hardened,11278
Gut Crimson Web,13777
Gut Damascus Steel,9924
Gut Doppler,12722
Gut Forest DDPAT,8228
Gut Freehand,10482
Gut Gamma Doppler,14609
Gut Lore,20690
Gut Marble Fade,12404
Gut Night,8787
Gut Safari Mesh,7676
Gut Scorched,7400
Gut Slaughter,12067
Gut Stained,8278
Gut Tiger Tooth,12845
Gut Ultraviolet,10625
Gut Urban Masked,8647
Hand Wraps Arboreal,21010
Hand Wraps Badlands,33049
Hand Wraps Duct Tape,15966
Hand Wraps Leather,28762
Hand Wraps Overprint,69655
Hand Wraps Slaughter,78484
Hand Wraps Spruce DDPAT,22794
Huntsman,17459
Huntsman Blue Steel,13424
Huntsman Boreal Forest,11244
Huntsman Case Hardened,17267
Huntsman Crimson Web,26604
Huntsman Damascus Steel,14146
Huntsman Doppler,29306
Huntsman Marble Fade,25874
Huntsman Night,17045
Huntsman Safari Mesh,9461
Huntsman Scorched,10453
Huntsman Slaughter,22558
Huntsman Stained,11209
Huntsman Ultraviolet,15959
Huntsman Urban Masked,10195
Hydra Gloves Case Hardened,27974
Hydra Gloves Emerald,22510
Hydra Gloves Mangrove,13420
Hydra Gloves Rattler,17312
Karambit,48834
Karambit Autotronic,82525
Karambit Black Laminate,43249
Karambit Blue Steel,41305
Karambit Boreal Forest,29805
Karambit Bright Water,37607
Karambit Case Hardened,51493
Karambit Crimson Web,80984
Karambit Damascus Steel,39420
Karambit Doppler,63098
Karambit Forest DDPAT,27695
Karambit Freehand,38504
Karambit Lore,109130
Karambit Night,35779
Karambit Safari Mesh,25123
Karambit Scorched,24905
Karambit Slaughter,57177
Karambit Stained,30345
Karambit Tiger Tooth,64350
Karambit Ultraviolet,41582
Karambit Urban Masked,29677
M9 Bayonet,39286
M9 Bayonet Autotronic,56849
M9 Bayonet Black Laminate,35096
M9 Bayonet Blue Steel,27602
M9 Bayonet Boreal Forest,23697
M9 Bayonet Bright Water,28174
M9 Bayonet Case Hardened,32682
M9 Bayonet Crimson Web,97182
M9 Bayonet Damascus Steel,28950
M9 Bayonet Doppler,46413
M9 Bayonet Forest DDPAT,19378
M9 Bayonet Freehand,28888
M9 Bayonet Gamma Doppler,50874
M9 Bayonet Lore,101852
M9 Bayonet Marble Fade,73457
M9 Bayonet Night,29576
M9 Bayonet Safari Mesh,17190
M9 Bayonet Scorched,19596
M9 Bayonet Slaughter,43761
M9 Bayonet Stained,22144
M9 Bayonet Tiger Tooth,41914
M9 Bayonet Ultraviolet,34128
M9 Bayonet Urban Masked,18645
Moto Gloves Boom!,55831
Moto Gloves Cool Mint,77672
Moto Gloves Eclipse,39708
Moto Gloves Polygon,60219
Moto Gloves POW!,120673
Moto Gloves Transport,26289
Moto Gloves Turtle,54238
Navaja,7228
Navaja Blue Steel,8173
Navaja Boreal Forest,7134
Navaja Case Hardened,10864
Navaja Crimson Web,12057
Navaja Damascus Steel,7803
Navaja Forest DDPAT,6597
Navaja Marble Fade,14740
Navaja Night Stripe,6929
Navaja Safari Mesh,6415
Navaja Scorched,7334
Navaja Slaughter,11694
Navaja Stained,7338
Navaja Tiger Tooth,10875
Navaja Ultraviolet,8541
Navaja Urban Masked,7019
Nomad,23061
Nomad Blue Steel,17697
Nomad Boreal Forest,11878
Nomad Case Hardened,24564
Nomad Forest DDPAT,12633
Nomad Safari Mesh,9216
Nomad Scorched,10155
Nomad Slaughter,27518
Nomad Stained,13794
Nomad Urban Masked,11935
Paracord,33543
Paracord Blue Steel,21092
Paracord Boreal Forest,18338
Paracord Crimson Web,100434
Paracord Forest DDPAT,14173
Paracord Night Stripe,21990
Paracord Safari Mesh,13437
Paracord Scorched,14699
Paracord Slaughter,45263
Paracord Stained,23811
Shadow Daggers,11799
Shadow Daggers Blue Steel,8752
Shadow Daggers Boreal Forest,7905
Shadow Daggers Case Hardened,11781
Shadow Daggers Crimson Web,14830
Shadow Daggers Damascus Steel,9195
Shadow Daggers Doppler,19508
Shadow Daggers Forest DDPAT,7845
Shadow Daggers Marble Fade,14790
Shadow Daggers Night,8458
Shadow Daggers Safari Mesh,7102
Shadow Daggers Scorched,7972
Shadow Daggers Slaughter,12923
Shadow Daggers Stained,8178
Shadow Daggers Tiger Tooth,12985
Shadow Daggers Ultraviolet,11106
Shadow Daggers Urban Masked,7769
Skeleton,96120
Skeleton Boreal Forest,34676
Skeleton Case Hardened,78870
Skeleton Crimson Web,175691
Skeleton Forest DDPAT,33637
Skeleton Night Stripe,48089
Skeleton Safari Mesh,27970
Skeleton Slaughter,99834
Skeleton Urban Masked,39923
Specialist Gloves Buckshot,16643
Specialist Gloves Crimson Web,75315
Specialist Gloves Fade,138338
Specialist Gloves Forest DDPAT,20243
Specialist Gloves Foundation,72559
Specialist Gloves Mogul,55041
Sport Gloves Amphibious,129893
Sport Gloves Arid,66396
Sport Gloves Bronze Morph,34957
Sport Gloves Hedge Maze,188120
Sport Gloves Omega,108485
Stiletto,16906
Stiletto Blue Steel,13316
Stiletto Boreal Forest,9886
Stiletto Case Hardened,17381
Stiletto Crimson Web,28476
Stiletto Damascus Steel,13546
Stiletto Doppler,28515
Stiletto Forest DDPAT,9425
Stiletto Marble Fade,27406
Stiletto Night Stripe,11906
Stiletto Safari Mesh,8308
Stiletto Scorched,9404
Stiletto Slaughter,21447
Stiletto Stained,11804
Stiletto Tiger Tooth,20504
Stiletto Ultraviolet,14909
Stiletto Urban Masked,9829
Survival,27926
Survival Blue Steel,14551
Survival Boreal Forest,12624
Survival Case Hardened,23798
Survival Crimson Web,60556
Survival Forest DDPAT,12208
Survival Night Stripe,14223
Survival Safari Mesh,9797
Survival Scorched,11404
Survival Slaughter,33880
Survival Stained,14925
Talon,32365
Talon Blue Steel,27634
Talon Boreal Forest,18805
Talon Case Hardened,44542
Talon Damascus Steel,28089
Talon Forest DDPAT,21512
Talon Marble Fade,62842
Talon Night Stripe,24894
Talon Safari Mesh,17749
Talon Scorched,19410
Talon Slaughter,48468
Talon Stained,23326
Talon Tiger Tooth,47845
Talon Ultraviolet,31252
Talon Urban Masked,18026
Ursus,22168
Ursus Blue Steel,13989
Ursus Boreal Forest,11274
Ursus Case Hardened,21467
Ursus Crimson Web,47582
Ursus Damascus Steel,14119
Ursus Doppler,35625
Ursus Forest DDPAT,11520
Ursus Night Stripe,13000
Ursus Safari Mesh,9717
Ursus Scorched,10077
Ursus Slaughter,30710
Ursus Stained,11799
Ursus Ultraviolet,21788
Ursus Urban Masked,11675